catalog #	has title	has description
086-21-334		✓
80-21-317	✓	
80-21-318	✓	
80-21-319	✓	
82-21-550	✓	
82-21-551	✓	
82-21-552	✓	
82-21-553	✓	
82-21-554	✓	
82-21-555	✓	
82-21-558	✓	
82-21-559	✓	
82-21-560	✓	
82-21-561	✓	
82-21-562	✓	
82-21-563	✓	
82-21-564	✓	
82-21-565	✓	
82-21-566	✓	
82-21-567	✓	
82-21-568	✓	
82-21-569	✓	
82-21-570	✓	
82-21-588	✓	
82-21-589	✓	
85-21-243		✓
86-21-10		✓
86-21-101	✓	
86-21-102	✓	✓
86-21-103	✓	✓
86-21-104	✓	✓
86-21-105	✓	✓
86-21-106	✓	✓
86-21-107	✓	✓
86-21-108	✓	
86-21-109	✓	✓
86-21-110	✓	✓
86-21-111	✓	✓
86-21-112	✓	✓
86-21-113		✓
86-21-114	✓	✓
86-21-115	✓	✓
86-21-116	✓	✓
86-21-117	✓	✓
86-21-118	✓	✓
86-21-119	✓	✓
86-21-120	✓	✓
86-21-121	✓	
86-21-122	✓	✓
86-21-123		✓
86-21-124	✓	
86-21-125		✓
86-21-127		✓
86-21-129	✓	
86-21-131	✓	
86-21-132	✓	
86-21-133	✓	
86-21-134	✓	
86-21-135	✓	
86-21-136	✓	
86-21-137	✓	
86-21-138	✓	
86-21-139	✓	
86-21-140	✓	
86-21-141	✓	
86-21-143	✓	
86-21-144	✓	
86-21-145	✓	
86-21-146	✓	
86-21-147	✓	
86-21-148	✓	
86-21-149	✓	
86-21-150	✓	
86-21-152	✓	
86-21-153	✓	
86-21-154	✓	
86-21-155	✓	
86-21-156	✓	
86-21-157	✓	
86-21-158	✓	
86-21-159	✓	
86-21-160	✓	
86-21-161	✓	
86-21-162	✓	
86-21-163	✓	
86-21-164	✓	
86-21-165	✓	
86-21-166	✓	
86-21-167	✓	
86-21-168	✓	
86-21-169	✓	
86-21-170	✓	
86-21-171	✓	
86-21-172	✓	
86-21-173	✓	
86-21-175	✓	
86-21-176	✓	
86-21-177	✓	
86-21-200		✓
86-21-201		✓
86-21-202	✓	✓
86-21-203	✓	✓
86-21-204		✓
86-21-205	✓	✓
86-21-206	✓	✓
86-21-207	✓	✓
86-21-208	✓	✓
86-21-209	✓	✓
86-21-210	✓	✓
86-21-211	✓	✓
86-21-212	✓	✓
86-21-213	✓	✓
86-21-214		✓
86-21-215	✓	✓
86-21-216	✓	✓
86-21-217	✓	✓
86-21-218	✓	✓
86-21-219	✓	✓
86-21-220	✓	✓
86-21-221	✓	✓
86-21-222	✓	✓
86-21-223	✓	✓
86-21-224	✓	✓
86-21-225		✓
86-21-226		✓
86-21-227		✓
86-21-228	✓	✓
86-21-229	✓	✓
86-21-230	✓	✓
86-21-231	✓	✓
86-21-232	✓	✓
86-21-233	✓	✓
86-21-234	✓	✓
86-21-235	✓	✓
86-21-236		✓
86-21-237		✓
86-21-238		✓
86-21-239	✓	✓
86-21-240	✓	✓
86-21-241	✓	✓
86-21-242	✓	✓
86-21-243		✓
86-21-244	✓	✓
86-21-245	✓	✓
86-21-246	✓	✓
86-21-247	✓	✓
86-21-248	✓	✓
86-21-249	✓	✓
86-21-250	✓	✓
86-21-251	✓	✓
86-21-252	✓	✓
86-21-253	✓	✓
86-21-254	✓	✓
86-21-255		✓
86-21-256	✓	✓
86-21-257		✓
86-21-258	✓	✓
86-21-259	✓	✓
86-21-260	✓	✓
86-21-261	✓	✓
86-21-262	✓	✓
86-21-263	✓	✓
86-21-264	✓	
86-21-265	✓	✓
86-21-266	✓	✓
86-21-267	✓	✓
86-21-268	✓	✓
86-21-269	✓	
86-21-270	✓	✓
86-21-271		✓
86-21-272	✓	✓
86-21-273		✓
86-21-274	✓	✓
86-21-275	✓	✓
86-21-276		✓
86-21-277	✓	✓
86-21-278		✓
86-21-280		✓
86-21-281		✓
86-21-282		✓
86-21-283		✓
86-21-284	✓	✓
86-21-285	✓	✓
86-21-286	✓	✓
86-21-287	✓	✓
86-21-288	✓	✓
86-21-289	✓	✓
86-21-290		✓
86-21-291	✓	✓
86-21-292	✓	✓
86-21-293	✓	✓
86-21-294	✓	✓
86-21-295	✓	✓
86-21-296	✓	✓
86-21-297	✓	✓
86-21-298	✓	✓
86-21-299	✓	
86-21-300	✓	✓
86-21-301	✓	✓
86-21-302	✓	✓
86-21-303	✓	✓
86-21-304	✓	✓
86-21-305	✓	✓
86-21-306	✓	✓
86-21-307	✓	✓
86-21-308	✓	✓
86-21-309	✓	✓
86-21-310	✓	✓
86-21-311	✓	✓
86-21-312	✓	
86-21-313	✓	✓
86-21-314	✓	✓
86-21-315		✓
86-21-316	✓	✓
86-21-317		✓
86-21-318		✓
86-21-319		✓
86-21-320	✓	✓
86-21-321	✓	✓
86-21-322	✓	✓
86-21-323	✓	✓
86-21-324	✓	✓
86-21-325	✓	✓
86-21-326	✓	✓
86-21-327	✓	✓
86-21-328	✓	✓
86-21-329	✓	✓
86-21-330	✓	✓
86-21-331	✓	
86-21-332	✓	✓
86-21-333	✓	✓
86-21-335	✓	✓
86-21-336	✓	✓
86-21-337		✓
86-21-338	✓	
86-21-339	✓	✓
86-21-340	✓	✓
86-21-341	✓	✓
86-21-342	✓	✓
86-21-343	✓	✓
86-21-344	✓	✓
86-21-345		✓
86-21-346	✓	✓
86-21-347	✓	✓
86-21-348	✓	✓
86-21-349	✓	✓
86-21-350	✓	✓
86-21-351	✓	✓
86-21-354	✓	
86-21-355	✓	
86-21-356	✓	✓
86-21-357	✓	✓
86-21-358		✓
86-21-359		✓
86-21-360		✓
86-21-361	✓	✓
86-21-362	✓	
86-21-363	✓	
86-21-364	✓	
86-21-365	✓	✓
86-21-366		✓
86-21-367	✓	✓
86-21-368		✓
86-21-369		✓
86-21-370		✓
86-21-371	✓	
86-21-372	✓	✓
86-21-373	✓	✓
86-21-374	✓	✓
86-21-375	✓	✓
86-21-376	✓	✓
86-21-377	✓	✓
86-21-378	✓	
86-21-379	✓	
86-21-380	✓	
86-21-381		✓
86-21-382		✓
86-21-383		✓
86-21-384		✓
86-21-385		✓
86-21-386		✓
86-21-387		✓
86-21-388		✓
86-21-393		✓
86-21-394		✓
86-21-396		✓
86-21-397		✓
86-21-398		✓
86-21-399		✓
86-21-400		✓
86-21-402		✓
86-21-403		✓
86-21-404		✓
86-21-405		✓
86-21-406		✓
86-21-407		✓
86-21-408		✓
86-21-409		✓
86-21-410		✓
86-21-411		✓
86-21-412		✓
86-21-413		✓
86-21-414		✓
86-21-415		✓
86-21-416		✓
86-21-417		✓
86-21-418		✓
86-21-419		✓
86-21-420		✓
86-21-421		✓
86-21-422		✓
86-21-423		✓
86-21-424		✓
86-21-425		✓
86-21-426		✓
86-21-428		✓
86-21-429		✓
86-21-430		✓
86-21-431		✓
86-21-432		✓
86-21-433		✓
86-21-434		✓
86-21-435		✓
86-21-436		✓
86-21-437		✓
86-21-438		✓
86-21-439		✓
86-21-440		✓
86-21-441		✓
86-21-442		✓
86-21-443		✓
86-21-444		✓
86-21-445		✓
86-21-446		✓
86-21-447		✓
86-21-448		✓
86-21-451		✓
86-21-452		✓
86-21-454		✓
86-21-455		✓
86-21-457		✓
86-21-458		✓
86-21-462	✓	
86-21-463	✓	
86-21-464	✓	
86-21-465	✓	
86-21-466	✓	
86-21-467	✓	
86-21-468	✓	
86-21-469	✓	
86-21-470	✓	
86-21-471	✓	
86-21-472	✓	
86-21-473	✓	
86-21-474	✓	
86-21-475	✓	
86-21-476	✓	
86-21-477	✓	
86-21-478	✓	
86-21-479	✓	
86-21-480	✓	
86-21-481	✓	
86-21-482	✓	
86-21-483	✓	
86-21-484	✓	
86-21-485	✓	
86-21-486	✓	
86-21-487	✓	
86-21-488	✓	
86-21-489	✓	
86-21-490	✓	
86-21-491	✓	
86-21-492	✓	
86-21-493	✓	
86-21-494	✓	
86-21-495	✓	
86-21-496	✓	
86-21-497	✓	
86-21-498	✓	
86-21-499	✓	
86-21-500	✓	
86-21-501	✓	
86-21-502	✓	
86-21-503	✓	
86-21-504	✓	
86-21-505	✓	
86-21-508	✓	
86-21-509	✓	
86-21-510	✓	
86-21-511	✓	
86-21-512	✓	
86-21-513	✓	
86-21-514	✓	
86-21-515	✓	
86-21-516	✓	
86-21-517	✓	
86-21-518	✓	
86-21-519	✓	
86-21-520	✓	
86-21-521	✓	
86-21-522	✓	
86-21-523	✓	
86-21-524	✓	
86-21-525	✓	
86-21-526	✓	
86-21-527	✓	
86-21-528	✓	
86-21-529	✓	
86-21-530	✓	
86-21-531	✓	
86-21-532	✓	
86-21-533	✓	
86-21-534	✓	
86-21-535	✓	
86-21-536	✓	
86-21-537	✓	
86-21-538	✓	
86-21-539	✓	
86-21-540	✓	
86-21-541	✓	
86-21-542	✓	
86-21-543	✓	
86-21-544	✓	
86-21-545	✓	
86-21-546	✓	
86-21-547	✓	
86-21-548	✓	
86-21-549	✓	
86-21-556	✓	
86-21-557	✓	
86-21-573	✓	
86-21-574	✓	
86-21-575	✓	
86-21-576	✓	
86-21-580	✓	
86-21-581	✓	
86-21-584	✓	
86-21-585	✓	
86-21-587	✓	
86-21-590	✓	
86-21-591	✓	
86-21-592	✓	
86-21-593	✓	
86-21-594	✓	
86-21-595	✓	
86-21-597	✓	
86-21-598	✓	
86-21-599	✓	
86-21-600	✓	
86-21-601	✓	
86-21-602	✓	
86-21-603	✓	
86-21-604	✓	
86-21-605	✓	
86-21-606	✓	
86-21-607	✓	
86-21-608	✓	
86-21-609	✓	
86-21-610	✓	
86-21-611	✓	
86-21-612	✓	
86-21-613	✓	
86-21-614	✓	
86-21-615	✓	
86-21-616	✓	
86-21-617	✓	
86-21-618	✓	
86-21-619	✓	
86-21-621	✓	
86-21-622	✓	
86-21-624	✓	
86-21-625	✓	
86-21-626	✓	
86-21-627	✓	
86-21-628	✓	
86-21-629	✓	
86-21-630	✓	
86-21-632	✓	
86-21-633	✓	
86-21-635	✓	
86-21-636	✓	
86-21-637	✓	
86-21-638	✓	
86-21-642	✓	
86-21-659	✓	
86-21-661	✓	
86-21-662	✓	
86-21-780		✓
96-21-395		✓
